{
  "epoch": 2.0,
  "accuracy": 0.0645356774330139,
  "learning_rate": 0.0010000000474974,
  "loss": 6.233014583587647,
  "top3_acc": 0.1308659464120865,
  "val_accuracy": 0.0723874345421791,
  "val_loss": 6.204617500305176,
  "val_top3_acc": 0.1469189822673797
}